{
  "Comment": "A description of my state machine",
  "StartAt": "Lambda Invoke SerializeImage",
  "States": {
    "Lambda Invoke SerializeImage": {
      "Type": "Task",
      "Resource": "arn:aws:states:::lambda:invoke",
      "OutputPath": "$.Payload",
      "Parameters": {
        "FunctionName": "arn:aws:lambda:us-east-1:940656290674:function:SerializeImageData:$LATEST",
        "Payload": {
          "image_data": "",
          "s3_bucket": "sagemaker-us-east-1-940656290674",
          "s3_key": "test/bicycle_s_000513.png"
        }
      },
      "Retry": [
        {
          "ErrorEquals": [
            "Lambda.ServiceException",
            "Lambda.AWSLambdaException",
            "Lambda.SdkClientException",
            "Lambda.TooManyRequestsException"
          ],
          "IntervalSeconds": 1,
          "MaxAttempts": 3,
          "BackoffRate": 2
        }
      ],
      "Next": "Lambda Invoke ClassifyImage"
    },
    "Lambda Invoke ClassifyImage": {
      "Type": "Task",
      "Resource": "arn:aws:states:::lambda:invoke",
      "OutputPath": "$.Payload",
      "Parameters": {
        "FunctionName": "arn:aws:lambda:us-east-1:940656290674:function:ClassifyImage:$LATEST",
        "Payload.$": "$"
      },
      "Retry": [
        {
          "ErrorEquals": [
            "Lambda.ServiceException",
            "Lambda.AWSLambdaException",
            "Lambda.SdkClientException",
            "Lambda.TooManyRequestsException"
          ],
          "IntervalSeconds": 1,
          "MaxAttempts": 3,
          "BackoffRate": 2
        }
      ],
      "Next": "Lambda Invoke InferenceFiltering"
    },
    "Lambda Invoke InferenceFiltering": {
      "Type": "Task",
      "Resource": "arn:aws:states:::lambda:invoke",
      "OutputPath": "$.Payload",
      "Parameters": {
        "FunctionName": "arn:aws:lambda:us-east-1:940656290674:function:InferenceFiltering:$LATEST",
        "Payload.$": "$"
      },
      "Retry": [
        {
          "ErrorEquals": [
            "Lambda.ServiceException",
            "Lambda.AWSLambdaException",
            "Lambda.SdkClientException",
            "Lambda.TooManyRequestsException"
          ],
          "IntervalSeconds": 1,
          "MaxAttempts": 3,
          "BackoffRate": 2
        }
      ],
      "End": true
    }
  }
}